Ticker,Nama Perusahaan,Sektor,EPS QnQ,ROA,ROE,NPM,PER,PBV,DER,PEG,BVPS,MP,Free Float,Dividend Yield,Source
ACES,PT Aspirasi Hidup Indonesia Tbk,Consumer Cyclical,15.50%,8.12%,12.58%,9.20%,8.70x,0.90x,15.23%,2.37x,389.61,350.00,40.08%,9.68%,google+yfinance
ADMR,PT Alamtri Minerals Indonesia Tbk,Basic Materials,34.00%,8.27%,16.94%,28.21%,12.33x,N/A,53.25%,N/A,0.04,1550.00,14.98%,3.27%,google+yfinance+stockbit
ADRO,PT Alamtri Resources Indonesia Tbk,Energy,67.10%,5.42%,10.26%,25.43%,7.57x,N/A,19.54%,0.85x,0.17,2300.00,37.52%,10.28%,google+yfinance+stockbit
AKRA,PT AKR Corporindo Tbk,Energy,16.10%,5.75%,18.94%,5.26%,10.12x,2.03x,34.16%,0.40x,647.68,1315.00,32.09%,7.60%,google+yfinance
AMMN,PT Amman Mineral Internasional Tbk,Basic Materials,N/A,5.28%,10.48%,20.66%,21.93x,N/A,116.55%,N/A,0.08,3150.00,19.73%,N/A,google+yfinance+stockbit
ANTM,PT Antam (Persero) Tbk,Basic Materials,59.90%,10.85%,24.69%,9.66%,10.24x,1.90x,21.61%,0.00x,1616.55,3070.00,35.02%,4.94%,google+yfinance
ARTO,PT Bank Jago Tbk,Financial Services,42.30%,0.84%,3.45%,13.87%,54.04x,1.79x,N/A,0.84x,643.37,1150.00,27.77%,N/A,google+yfinance+stockbit
ASII,PT Astra International Tbk,Industrials,-15.60%,4.54%,13.25%,9.94%,7.13x,0.96x,39.86%,0.77x,5809.86,5600.00,44.44%,6.96%,google+yfinance
ASRI,PT Alam Sutera Realty Tbk,Real Estate,-42.00%,2.79%,2.65%,9.94%,7.80x,0.20x,50.89%,0.18x,587.65,119.00,50.21%,N/A,google+yfinance
AUTO,PT Astra Otoparts Tbk,Consumer Cyclical,10.60%,3.34%,14.19%,11.14%,5.41x,0.75x,3.32%,N/A,3362.55,2530.00,20.00%,9.05%,google+yfinance
BFIN,PT BFI Finance Indonesia Tbk,Financial Services,-12.60%,6.01%,14.16%,34.77%,7.20x,0.97x,119.87%,N/A,742.58,720.00,45.30%,9.72%,google+yfinance
BMTR,PT Global Mediacom Tbk,Communication Services,34.40%,2.71%,4.09%,9.07%,2.50x,0.13x,19.69%,N/A,991.89,128.00,46.87%,N/A,google+yfinance
BRIS,PT Bank Syariah Indonesia Tbk,Financial Services,17.10%,1.83%,16.15%,31.93%,11.79x,1.76x,N/A,N/A,1100.59,1935.00,9.90%,1.70%,google+yfinance+stockbit
BRMS,PT Bumi Resources Minerals Tbk,Basic Materials,21.30%,4.60%,5.14%,20.78%,92.65x,N/A,24.53%,N/A,0.01,605.00,96.91%,N/A,google+yfinance+stockbit
BRPT,PT Barito Pacific Tbk,Basic Materials,459.90%,0.98%,34.82%,5.98%,13.87x,N/A,133.91%,N/A,0.02,1480.00,28.25%,N/A,google+yfinance+stockbit
BSDE,PT Bumi Serpong Damai Tbk,Real Estate,-28.70%,3.17%,5.72%,19.90%,5.55x,0.32x,31.14%,N/A,2095.32,675.00,19.29%,N/A,google+yfinance
BTPS,PT Bank BTPN Syariah Tbk,Financial Services,2.80%,5.39%,12.15%,30.37%,6.21x,0.73x,N/A,0.40x,1334.20,975.00,29.99%,12.33%,google+yfinance+stockbit
BUKA,PT Bukalapak.com Tbk.,Consumer Cyclical,N/A,-6.68%,12.85%,48.26%,4.90x,0.52x,44.60%,N/A,245.29,127.00,58.95%,N/A,google+yfinance
BUMI,PT Bumi Resources Tbk,Energy,35.20%,2.32%,4.59%,5.84%,40.14x,N/A,19.97%,0.10x,0.00,171.00,48.49%,N/A,google+yfinance+stockbit
CPIN,PT Charoen Pokphand Indonesia Tbk,Consumer Defensive,67.70%,12.82%,19.50%,9.16%,10.81x,1.97x,18.07%,0.80x,2239.08,4400.00,44.47%,4.09%,google+yfinance
CTRA,PT Ciputra Development Tbk,Real Estate,-21.50%,4.90%,10.23%,20.26%,4.82x,0.49x,28.66%,0.44x,1326.47,655.00,46.60%,3.66%,google+yfinance
DEWA,PT Darma Henwa Tbk,Energy,34.60%,2.47%,68.30%,68.12%,3.13x,1.81x,55.99%,N/A,193.60,350.00,22.80%,N/A,google+yfinance
DOID,PT Buma Internasional Grup Tbk,Energy,-87.80%,-2.85%,-76.15%,-7.81%,N/A,N/A,10.97%,0.02x,0.01,206.00,53.59%,N/A,google+yfinance+stockbit
ELSA,PT Elnusa Tbk,Energy,1.60%,4.75%,13.62%,5.01%,6.58x,0.86x,9.99%,2.20x,753.87,650.00,42.93%,6.02%,google+yfinance
EMTK,PT Elang Mahkota Teknologi Tbk,Communication Services,N/A,1.19%,9.00%,13.43%,14.08x,1.08x,4.51%,N/A,602.98,650.00,28.46%,5.85%,google+yfinance
ENRG,PT Energi Mega Persada Tbk,Energy,48.70%,5.65%,12.38%,18.38%,25.84x,N/A,51.92%,0.15x,0.03,1390.00,2.08%,N/A,google+yfinance+stockbit
ERAA,PT Erajaya Swasembada Tbk,Consumer Cyclical,122.70%,5.44%,15.76%,1.74%,4.06x,0.61x,98.55%,N/A,610.41,372.00,43.41%,5.11%,google+yfinance
ESSA,PT ESSA Industries Indonesia Tbk.,Basic Materials,130.70%,8.37%,12.11%,15.88%,13.66x,N/A,2.20%,N/A,0.03,715.00,34.65%,104.00%,google+yfinance+stockbit
EXCL,PT XLSMART Telecom Sejahtera Tbk,Communication Services,N/A,-1.07%,-20.14%,-12.11%,6.66x,1.76x,209.04%,2.20x,1639.26,2880.00,33.19%,5.52%,google+yfinance+stockbit
FILM,PT.MD Entertainment Tbk,Communication Services,N/A,-1.87%,-9.72%,-44.86%,N/A,8.80x,12.22%,N/A,286.23,2520.00,32.55%,N/A,google+yfinance+stockbit
GOTO,PT GoTo Gojek Tokopedia Tbk,Technology,N/A,0.32%,-3.29%,-3.32%,N/A,1.66x,27.75%,N/A,30.20,50.00,77.01%,N/A,google+yfinance+stockbit
HEAL,PT Medikaloka Hermina Tbk,Healthcare,-18.80%,5.06%,7.83%,5.62%,36.76x,2.63x,48.06%,6.17x,373.20,980.00,53.11%,138.00%,google+yfinance
HRUM,PT Harum Energy Tbk,Energy,60.50%,2.51%,3.58%,2.94%,14.39x,N/A,33.73%,0.28x,0.07,790.00,17.66%,N/A,google+yfinance+stockbit
ICBP,PT Indofood CBP Sukses Makmur Tbk,Consumer Defensive,-3.10%,7.33%,14.63%,11.97%,9.05x,1.52x,62.22%,1.53x,4681.50,7100.00,19.47%,3.52%,google+yfinance
INCO,PT Vale Indonesia Tbk,Basic Materials,100.10%,1.42%,3.51%,9.45%,33.56x,N/A,10.30%,N/A,0.27,5475.00,16.18%,98.00%,google+yfinance+stockbit
INDF,PT Indofood Sukses Makmur Tbk,Consumer Defensive,8.60%,6.89%,13.32%,8.68%,5.59x,0.79x,61.09%,0.43x,8805.49,6950.00,49.68%,4.03%,google+yfinance
INDY,PT. Indika Energy Tbk,Energy,142.30%,2.69%,2.25%,0.50%,N/A,N/A,82.50%,3.93x,0.23,2450.00,27.58%,52.00%,google+yfinance+stockbit
INKP,PT Indah Kiat Pulp & Paper Tbk,Basic Materials,11.40%,3.67%,6.93%,14.64%,5.17x,N/A,68.49%,N/A,1.28,7850.00,41.29%,64.00%,google+yfinance+stockbit
INTP,PT Indocement Tunggal Prakarsa Tbk,Basic Materials,2.10%,4.17%,9.88%,12.80%,7.24x,0.69x,12.12%,5.21x,7086.77,4900.00,27.48%,5.29%,google+yfinance
ISAT,PT Indosat Ooredoo Hutchison Tbk,Communication Services,13.70%,5.85%,15.03%,9.78%,12.24x,1.84x,133.42%,1.25x,1172.45,2160.00,25.98%,5.14%,google+yfinance
ITMG,PT Indo Tambangraya Megah Tbk,Energy,-17.70%,6.64%,9.38%,9.53%,7.95x,N/A,4.24%,0.25x,1.70,22525.00,34.85%,7.68%,google+yfinance+stockbit
JPFA,PT Japfa Comfeed Indonesia Tbk,Consumer Defensive,72.50%,10.07%,23.40%,6.59%,7.65x,1.64x,59.25%,0.58x,1605.12,2630.00,58.34%,5.45%,google+yfinance
KLBF,PT Kalbe Farma Tbk.,Healthcare,-4.40%,9.02%,14.43%,9.99%,10.16x,1.51x,118.70%,1.21x,536.97,810.00,39.77%,4.44%,google+yfinance
KPIG,PT MNC Tourism Indonesia Tbk,Real Estate,78.10%,1.22%,2.62%,27.71%,12.60x,0.33x,19.04%,N/A,288.33,96.00,64.47%,N/A,google+yfinance
LSIP,PT Perusahaan Perkebunan London Sumatra Indonesia Tbk,Consumer Defensive,0.70%,8.11%,13.82%,34.07%,4.62x,0.63x,0.10%,1.69x,2052.79,1285.00,40.38%,5.06%,google+yfinance
MAPA,PT Map Aktif Adiperkasa Tbk,Consumer Cyclical,38.40%,11.88%,21.84%,9.30%,9.46x,1.91x,20.46%,0.66x,321.19,615.00,30.70%,65.00%,google+yfinance
MAPI,PT. Mitra Adiperkasa Tbk,Consumer Cyclical,33.00%,7.96%,17.54%,5.18%,10.45x,1.69x,46.96%,0.67x,882.62,1495.00,49.00%,67.00%,google+yfinance
MARK,PT Mark Dynamics Indonesia Tbk,Healthcare,19.20%,21.84%,31.03%,33.59%,10.48x,3.17x,62.80%,N/A,258.51,820.00,19.73%,19.51%,google+yfinance
MDKA,PT Merdeka Copper Gold Tbk,Basic Materials,N/A,1.68%,0.55%,-3.28%,N/A,N/A,71.14%,N/A,0.03,2850.00,50.69%,N/A,google+yfinance+stockbit
MEDC,PT Medco Energi Internasional Tbk,Energy,282.30%,4.98%,6.97%,6.15%,11.76x,N/A,155.80%,0.81x,0.09,1270.00,24.91%,4.48%,google+yfinance+stockbit
MIKA,PT Mitra Keluarga Karyasehat Tbk,Healthcare,4.80%,11.73%,17.98%,25.30%,17.09x,3.11x,11.10%,0.97x,544.97,1695.00,34.03%,2.54%,google+yfinance
MNCN,PT. Media Nusantara Citra Tbk,Communication Services,-11.90%,2.92%,5.94%,17.53%,2.17x,0.13x,5.69%,0.57x,1650.94,208.00,36.88%,N/A,google+yfinance
MTDL,PT Metrodata Electronics Tbk,Technology,3.40%,7.02%,18.73%,2.89%,8.03x,1.34x,33.35%,N/A,396.78,530.00,44.31%,4.53%,google+yfinance
MTEL,PT Dayamitra Telekomunikasi Tbk.,Communication Services,3.60%,4.39%,6.33%,22.35%,18.90x,1.27x,62.60%,N/A,402.81,510.00,14.24%,3.55%,google+yfinance
MYOR,PT Mayora Indah Tbk,Consumer Defensive,37.20%,8.78%,17.13%,8.17%,13.55x,2.21x,26.63%,1.91x,854.26,1890.00,14.79%,2.91%,google+yfinance
PGAS,PT Perusahaan Gas Negara (Persero) Tbk,Utilities,45.80%,5.30%,10.09%,6.19%,10.59x,N/A,29.05%,1.22x,0.12,1875.00,43.02%,9.71%,google+yfinance+stockbit
PGEO,PT Pertamina Geothermal Energy Tbk,Utilities,40.00%,4.34%,7.27%,33.55%,14.92x,N/A,35.81%,N/A,0.05,925.00,11.66%,5.35%,google+yfinance+stockbit
PTBA,PT Bukit Asam (Persero) Tbk,Energy,104.80%,5.27%,14.41%,7.84%,9.65x,1.37x,11.49%,0.38x,2043.81,2800.00,32.80%,11.87%,google+yfinance
PTPP,PT PP (Persero) Tbk,Industrials,-15.00%,-9.52%,-82.07%,-39.01%,N/A,0.41x,464.34%,0.51x,509.20,210.00,48.84%,N/A,google+yfinance+stockbit
PWON,PT Pakuwon Jati Tbk,Real Estate,29.30%,5.15%,11.02%,33.80%,5.85x,0.63x,20.98%,N/A,466.56,296.00,30.40%,4.39%,google+yfinance
SCMA,PT Surya Citra Media Tbk,Communication Services,100.20%,6.49%,11.40%,13.19%,15.80x,2.23x,23.40%,1.22x,102.91,230.00,6.57%,11.74%,google+yfinance
SIDO,PT Industri Jamu dan Farmasi Sido Muncul Tbk,Healthcare,-36.80%,23.06%,32.82%,29.09%,10.46x,3.65x,4.90%,100.79x,110.67,404.00,20.86%,9.16%,google+yfinance
SILO,PT Siloam International Hospitals Tbk,Healthcare,13.80%,7.64%,12.49%,8.76%,25.84x,2.97x,20.86%,3.12x,767.14,2280.00,9.73%,N/A,google+yfinance
SMGR,PT Semen Indonesia (Persero) Tbk,Basic Materials,88.70%,1.03%,0.44%,0.64%,51.81x,0.27x,21.14%,2.72x,6465.29,1760.00,48.66%,1.61%,google+yfinance
SMRA,PT Summarecon Agung Tbk,Real Estate,-20.30%,4.33%,7.93%,8.07%,6.72x,0.41x,87.74%,0.36x,705.97,292.00,58.16%,3.08%,google+yfinance
TAPG,PT Triputra Agro Persada Tbk,Consumer Defensive,-8.10%,14.94%,30.76%,32.26%,8.38x,2.70x,8.74%,0.66x,564.62,1525.00,16.94%,10.82%,google+yfinance
TINS,PT TIMAH Tbk,Basic Materials,1184.20%,16.03%,30.66%,18.08%,9.80x,2.66x,11.26%,N/A,1336.98,3550.00,29.19%,1.80%,google+yfinance
TKIM,PT Pabrik Kertas Tjiwi Kimia Tbk,Basic Materials,-17.20%,1.02%,8.91%,26.12%,3.79x,N/A,25.02%,N/A,0.95,5575.00,34.99%,45.00%,google+yfinance+stockbit
TLKM,Perusahaan Perseroan (Persero) PT Telekomunikasi Indonesia Tbk,Communication Services,-57.10%,7.64%,16.05%,12.14%,16.61x,2.12x,49.76%,19.82x,1384.40,2930.00,47.97%,7.25%,google+yfinance
TPIA,PT Chandra Asri Pacific Tbk,Basic Materials,N/A,-1.23%,42.37%,14.34%,4.75x,N/A,117.02%,N/A,0.04,1765.00,14.58%,34.00%,google+yfinance+stockbit
UNTR,PT United Tractors Tbk,Basic Materials,-79.80%,6.40%,12.31%,9.77%,7.26x,0.90x,25.75%,0.43x,27366.65,24575.00,38.35%,8.92%,google+yfinance
UNVR,PT Unilever Indonesia Tbk,Consumer Defensive,73.00%,15.60%,74.29%,26.56%,18.25x,15.02x,9.03%,2.46x,117.82,1770.00,14.63%,7.57%,google+yfinance
WIKA,PT Wijaya Karya (Persero) Tbk,Industrials,N/A,-6.09%,-181.33%,-78.54%,N/A,1.44x,64.22%,0.72x,141.88,204.00,7.32%,N/A,google+yfinance+stockbit
WSKT,PT Waskita Karya (Persero) Tbk,N/A,N/A,N/A,N/A,N/A,N/A,-15.96x,N/A,N/A,-12.66,202.00,N/A,N/A,google+yfinance+stockbit
WTON,PT Wijaya Karya Beton Tbk,Basic Materials,-5.60%,0.96%,0.11%,1.18%,18.12x,0.20x,11.30%,N/A,412.97,83.00,26.56%,55.00%,google+yfinance
