Ticker,Nama Perusahaan,Sektor,Industry,MarketCap,EPS QnQ,ROA,ROE,NPM,PER,PBV,DER,PEG,BVPS,MP,Free Float,Dividend Yield,AAOIFI Status,AAOIFI Reason,Source
AAPL,Apple Inc.,Technology,Consumer Electronics,$4.54T,19.40%,26.23%,141.47%,27.15%,37.43x,42.54x,79.55%,2.69x,7.26,308.82,99.83%,35.00%,NEEDS_AUDIT,all checks OK (manual audit non-permissible income disarankan),yfinance
MSFT,Microsoft Corporation,Technology,Software - Infrastructure,$3.11T,23.10%,14.81%,34.01%,39.34%,24.94x,7.50x,30.27%,1.29x,55.78,418.57,99.85%,87.00%,NEEDS_AUDIT,all checks OK (manual audit non-permissible income disarankan),yfinance
NVDA,NVIDIA Corporation,Technology,Semiconductors,$5.22T,210.60%,52.73%,114.29%,62.97%,33.03x,33.27x,6.55%,0.66x,6.47,215.33,95.88%,2.00%,NEEDS_AUDIT,all checks OK (manual audit non-permissible income disarankan),yfinance
GOOGL,Alphabet Inc. Class A,Communication Services,Internet Content & Information,$4.64T,81.20%,14.64%,38.88%,37.92%,29.23x,9.69x,20.03%,1.51x,39.51,382.97,185.68%,23.00%,NEEDS_AUDIT,all checks OK (manual audit non-permissible income disarankan),yfinance
GOOG,Alphabet Inc. Class C,Communication Services,Internet Content & Information,$4.60T,81.20%,14.64%,38.88%,37.92%,28.89x,9.60x,20.03%,1.51x,39.51,379.38,198.20%,23.00%,NEEDS_AUDIT,all checks OK (manual audit non-permissible income disarankan),yfinance
META,Meta Platforms Inc.,Communication Services,Internet Content & Information,$1.55T,60.90%,16.40%,32.93%,32.84%,22.18x,6.36x,35.61%,0.88x,96.01,610.26,99.85%,34.00%,NEEDS_AUDIT,all checks OK (manual audit non-permissible income disarankan),yfinance
TSLA,Tesla Inc.,Consumer Cyclical,Auto Manufacturers,$1.60T,16.60%,2.23%,4.90%,3.95%,383.79x,19.46x,18.74%,5.87x,21.90,426.01,74.98%,N/A,NEEDS_AUDIT,all checks OK (manual audit non-permissible income disarankan),yfinance
JNJ,Johnson & Johnson,Healthcare,Drug Manufacturers - General,$564.11B,-52.40%,8.42%,26.42%,21.83%,27.19x,6.95x,67.73%,3.05x,33.73,234.34,99.84%,2.29%,NEEDS_AUDIT,all checks OK (manual audit non-permissible income disarankan),yfinance
PG,Procter & Gamble,Consumer Defensive,Household & Personal Products,$336.34B,4.30%,10.93%,31.11%,19.16%,21.09x,6.26x,67.65%,4.05x,23.08,144.44,99.82%,2.95%,NEEDS_AUDIT,all checks OK (manual audit non-permissible income disarankan),yfinance
XOM,Exxon Mobil,Energy,Oil & Gas Integrated,$642.14B,-45.80%,4.22%,9.87%,7.76%,26.12x,2.50x,18.26%,1.43x,62.07,154.92,99.79%,2.66%,NEEDS_AUDIT,all checks OK (manual audit non-permissible income disarankan),yfinance
CVX,Chevron Corporation,Energy,Oil & Gas Integrated,$381.25B,-36.90%,3.46%,6.64%,5.93%,33.35x,2.06x,23.99%,0.84x,92.91,191.43,94.50%,3.72%,NEEDS_AUDIT,all checks OK (manual audit non-permissible income disarankan),yfinance
UNH,UnitedHealth Group,Healthcare,Healthcare Plans,$352.79B,-0.20%,3.78%,12.18%,2.68%,29.23x,3.60x,73.98%,1.35x,107.80,388.47,99.70%,2.28%,NEEDS_AUDIT,all checks OK (manual audit non-permissible income disarankan),yfinance
LLY,Eli Lilly,Healthcare,Drug Manufacturers - General,$949.70B,168.10%,20.74%,107.46%,34.99%,37.87x,30.50x,139.01%,1.43x,34.92,1065.00,99.73%,65.00%,NEEDS_AUDIT,all checks OK (manual audit non-permissible income disarankan),yfinance
ABBV,AbbVie Inc.,Healthcare,Drug Manufacturers - General,$381.10B,-46.00%,10.03%,N/A,5.79%,105.22x,-57.26x,N/A,0.59x,-3.77,215.70,99.82%,3.21%,NEEDS_AUDIT,all checks OK (manual audit non-permissible income disarankan),yfinance
MRK,Merck & Co,Healthcare,Drug Manufacturers - General,$302.33B,N/A,12.58%,18.94%,13.59%,34.48x,6.59x,106.94%,5.69x,18.58,122.41,99.83%,2.78%,NEEDS_AUDIT,all checks OK (manual audit non-permissible income disarankan),yfinance
PFE,Pfizer Inc.,Healthcare,Drug Manufacturers - General,$147.62B,-9.40%,5.69%,8.31%,11.83%,19.77x,1.70x,71.60%,13.77x,15.21,25.90,99.86%,6.64%,FAIL,debt_to_mcap:FAIL(43.85),yfinance
TMO,Thermo Fisher Scientific,Healthcare,Diagnostics & Research,$166.59B,9.60%,5.00%,13.52%,15.15%,24.63x,3.16x,82.90%,1.47x,141.96,448.28,99.74%,42.00%,NEEDS_AUDIT,all checks OK (manual audit non-permissible income disarankan),yfinance
ABT,Abbott Laboratories,Healthcare,Medical Devices,$152.25B,-18.70%,5.59%,12.33%,13.90%,24.48x,2.92x,64.77%,1.30x,29.89,87.41,99.39%,2.88%,NEEDS_AUDIT,all checks OK (manual audit non-permissible income disarankan),yfinance
AMGN,Amgen Inc.,Healthcare,Drug Manufacturers - General,$183.12B,5.10%,8.35%,101.32%,20.96%,23.58x,19.93x,6.24%,2.24x,17.03,339.30,99.73%,2.97%,FAIL,debt_to_mcap:FAIL(31.3),yfinance
GILD,Gilead Sciences,Healthcare,Drug Manufacturers - General,$166.82B,53.70%,13.29%,43.36%,30.99%,18.28x,7.10x,94.64%,2.14x,18.93,134.36,99.78%,2.44%,NEEDS_AUDIT,all checks OK (manual audit non-permissible income disarankan),yfinance
ORCL,Oracle Corporation,Technology,Software - Infrastructure,$552.43B,26.70%,6.33%,57.57%,25.30%,34.48x,16.46x,415.26%,1.22x,11.67,192.08,59.42%,104.00%,NEEDS_AUDIT,all checks OK (manual audit non-permissible income disarankan),yfinance
CRM,Salesforce Inc.,Technology,Software - Application,$147.31B,13.80%,5.18%,12.40%,17.96%,23.09x,2.83x,29.95%,0.98x,63.66,180.07,109.33%,98.00%,NEEDS_AUDIT,all checks OK (manual audit non-permissible income disarankan),yfinance
ADBE,Adobe Inc.,Technology,Software - Application,$98.93B,4.30%,18.91%,58.77%,29.48%,14.26x,8.69x,58.34%,0.69x,28.16,244.76,99.69%,N/A,NEEDS_AUDIT,all checks OK (manual audit non-permissible income disarankan),yfinance
INTC,Intel Corporation,Technology,Semiconductors,$602.32B,N/A,0.63%,-2.91%,-5.90%,N/A,5.40x,36.03%,1.36x,22.18,119.84,99.81%,N/A,NEEDS_AUDIT,all checks OK (manual audit non-permissible income disarankan),yfinance
AMD,Advanced Micro Devices,Technology,Semiconductors,$762.32B,95.10%,3.65%,8.06%,13.37%,156.36x,11.82x,6.00%,1.12x,39.55,467.51,99.46%,N/A,NEEDS_AUDIT,all checks OK (manual audit non-permissible income disarankan),yfinance
QCOM,Qualcomm Inc.,Technology,Semiconductors,$251.02B,162.10%,12.69%,36.08%,22.31%,25.64x,9.25x,55.98%,1.01x,25.76,238.16,99.78%,1.55%,NEEDS_AUDIT,all checks OK (manual audit non-permissible income disarankan),yfinance
TXN,Texas Instruments,Technology,Semiconductors,$281.41B,31.00%,12.16%,32.35%,29.11%,52.95x,16.77x,83.74%,1.48x,18.44,309.21,99.76%,1.84%,NEEDS_AUDIT,all checks OK (manual audit non-permissible income disarankan),yfinance
AVGO,Broadcom Inc.,Technology,Semiconductors,$1.96T,33.50%,10.66%,33.37%,36.57%,80.57x,24.56x,82.70%,0.90x,16.86,414.14,98.75%,63.00%,NEEDS_AUDIT,all checks OK (manual audit non-permissible income disarankan),yfinance
CSCO,Cisco Systems,Technology,Communication Equipment,$474.59B,35.40%,7.34%,25.23%,19.68%,40.14x,9.74x,67.54%,1.67x,12.36,120.41,99.83%,140.00%,NEEDS_AUDIT,all checks OK (manual audit non-permissible income disarankan),yfinance
IBM,International Business Machines,Technology,Information Technology Services,$238.58B,15.30%,5.37%,35.77%,15.61%,22.46x,7.24x,211.17%,2.38x,35.08,253.84,99.79%,2.66%,NEEDS_AUDIT,all checks OK (manual audit non-permissible income disarankan),yfinance
NFLX,Netflix Inc.,Communication Services,Entertainment,$373.08B,82.80%,15.40%,48.49%,28.52%,28.58x,11.99x,53.79%,1.74x,7.39,88.60,99.35%,N/A,NEEDS_AUDIT,sector:?,yfinance
DIS,Walt Disney Company,Communication Services,Entertainment,$178.86B,-31.40%,4.45%,11.01%,11.54%,16.48x,1.69x,41.07%,2.61x,61.08,103.00,99.84%,146.00%,NEEDS_AUDIT,sector:?,yfinance
NKE,Nike Inc.,Consumer Cyclical,Footwear & Accessories,$66.15B,-34.50%,5.20%,16.02%,4.84%,29.39x,4.69x,79.33%,1.54x,9.52,44.67,97.90%,3.67%,NEEDS_AUDIT,all checks OK (manual audit non-permissible income disarankan),yfinance
HD,Home Depot,Consumer Cyclical,Home Improvement Retail,$311.83B,-4.20%,12.52%,128.38%,8.41%,22.22x,22.43x,455.22%,1.77x,13.96,313.07,99.62%,2.98%,NEEDS_AUDIT,all checks OK (manual audit non-permissible income disarankan),yfinance
LOW,Lowe's Companies,Consumer Cyclical,Home Improvement Retail,$120.63B,-0.80%,12.79%,N/A,7.51%,18.18x,-13.01x,N/A,1.40x,-16.52,215.03,99.78%,2.23%,FAIL,debt_to_mcap:FAIL(35.26),yfinance
COST,Costco Wholesale,Consumer Defensive,Discount Stores,$456.18B,45.60%,8.72%,29.65%,2.99%,53.47x,27.58x,60.26%,5.22x,37.28,1028.24,99.38%,57.00%,NEEDS_AUDIT,all checks OK (manual audit non-permissible income disarankan),yfinance
WMT,Walmart Inc.,Consumer Defensive,Discount Stores,$958.67B,18.80%,6.88%,24.13%,3.14%,42.35x,9.62x,73.46%,4.48x,12.50,120.27,54.86%,82.00%,NEEDS_AUDIT,all checks OK (manual audit non-permissible income disarankan),yfinance
KO,Coca-Cola Company,Consumer Defensive,Beverages - Non-Alcoholic,$350.57B,17.80%,9.51%,43.37%,27.80%,25.62x,10.42x,124.94%,4.17x,7.82,81.48,90.04%,2.60%,NEEDS_AUDIT,all checks OK (manual audit non-permissible income disarankan),yfinance
PEP,PepsiCo Inc.,Consumer Defensive,Beverages - Non-Alcoholic,$205.82B,26.90%,9.09%,43.88%,9.15%,23.64x,9.63x,244.84%,1.62x,15.63,150.57,99.71%,3.93%,NEEDS_AUDIT,all checks OK (manual audit non-permissible income disarankan),yfinance
MCD,McDonald's Corporation,Consumer Cyclical,Restaurants,$200.55B,6.20%,13.56%,N/A,31.62%,23.25x,-155.95x,N/A,2.58x,-1.81,282.27,99.86%,2.64%,NEEDS_AUDIT,all checks OK (manual audit non-permissible income disarankan),yfinance
SBUX,Starbucks Corporation,Consumer Cyclical,Restaurants,$117.51B,33.00%,7.38%,N/A,3.89%,78.71x,-13.88x,N/A,1.74x,-7.43,103.11,99.80%,2.41%,NEEDS_AUDIT,all checks OK (manual audit non-permissible income disarankan),yfinance
LIN,Linde plc,Basic Materials,Specialty Chemicals,$239.30B,11.00%,7.24%,18.23%,20.44%,34.37x,6.21x,65.64%,2.41x,83.37,517.58,99.71%,124.00%,NEEDS_AUDIT,all checks OK (manual audit non-permissible income disarankan),yfinance
CAT,Caterpillar Inc.,Industrials,Farm & Heavy Construction Machinery,$405.27B,27.30%,8.52%,51.33%,13.33%,43.86x,21.72x,230.79%,2.09x,40.51,879.89,99.69%,69.00%,NEEDS_AUDIT,all checks OK (manual audit non-permissible income disarankan),yfinance
DE,Deere & Company,Industrials,Farm & Heavy Construction Machinery,$142.93B,-9.80%,3.81%,18.35%,10.10%,29.95x,5.43x,376.02%,1.60x,97.37,529.15,99.80%,122.00%,FAIL,debt_to_mcap:FAIL(33.91),yfinance
LMT,Lockheed Martin,Industrials,Aerospace & Defense,$122.95B,-13.10%,7.23%,67.64%,6.38%,25.84x,16.38x,276.37%,1.13x,32.56,533.24,85.71%,2.59%,NEEDS_AUDIT,sector:?,yfinance
BA,Boeing Company,Industrials,Aerospace & Defense,$172.65B,N/A,-2.07%,169.95%,2.46%,86.23x,28.85x,8.29%,23.73x,7.59,219.02,95.96%,N/A,NEEDS_AUDIT,sector:?,yfinance
UPS,United Parcel Service,Industrials,Integrated Freight & Logistics,$85.87B,-27.20%,7.19%,33.35%,5.94%,16.35x,5.29x,181.51%,1.59x,19.11,101.02,99.89%,6.49%,FAIL,debt_to_mcap:FAIL(33.38),yfinance
HON,Honeywell International,Industrials,Conglomerates,$144.42B,-43.30%,5.95%,24.26%,10.89%,36.35x,10.63x,257.39%,2.07x,21.45,227.92,94.83%,2.09%,NEEDS_AUDIT,all checks OK (manual audit non-permissible income disarankan),yfinance
GE,General Electric,Industrials,Aerospace & Defense,$316.42B,-3.70%,4.85%,45.43%,17.86%,37.57x,17.00x,116.53%,7.29x,17.81,302.84,99.62%,62.00%,NEEDS_AUDIT,sector:?,yfinance
NEE,NextEra Energy,Utilities,Utilities - Regulated Electric,$184.68B,161.90%,2.41%,10.32%,29.37%,22.47x,3.34x,156.69%,1.95x,26.48,88.55,99.78%,2.82%,FAIL,debt_to_mcap:FAIL(56.53),yfinance
